type,latitude,longitude,altitude (m),slope (%),distance (km),distance_interval (m),color,width,opacity,name,desc
T,43.587285876,-119.054482067,1266.1,,0.000,,#6700e6,4,1.00,ASC 2018 Stage 5,
T,43.586226571,-119.054516600,1265.9,-0.2,0.118,117.73,,,,,
T,43.586236630,-119.054520959,1265.9,0.7,0.119,1.17,,,,,
T,43.586241407,-119.054528000,1265.9,0.8,0.120,0.78,,,,,
T,43.586106040,-119.054814996,1265.9,0.2,0.147,27.63,,,,,
T,43.586121043,-119.056208488,1266.1,0.2,0.260,112.55,,,,,
T,43.586121546,-119.058404798,1266.4,0.1,0.437,177.38,,,,,
T,43.585889451,-119.059957378,1267.2,0.7,0.565,128.01,,,,,
T,43.585811919,-119.061390599,1267.9,0.6,0.681,116.07,,,,,
T,43.585805632,-119.061521776,1267.9,0.1,0.692,10.62,,,,,
T,43.585621482,-119.062123513,1268.0,0.3,0.745,52.73,,,,,
T,43.584814807,-119.063301422,1268.1,0.0,0.875,130.70,,,,,
T,43.584450195,-119.063601326,1267.9,-0.3,0.923,47.20,,,,,
T,43.583216043,-119.064359721,1266.9,-0.7,1.073,150.18,,,,,
T,43.582803737,-119.064865233,1266.9,0.1,1.134,61.36,,,,,
T,43.580507431,-119.068847811,1267.4,0.1,1.545,410.56,,,,,
T,43.579236735,-119.070630390,1266.8,-0.3,1.746,201.65,,,,,
T,43.577850787,-119.071624484,1265.6,-0.7,1.920,173.66,,,,,
T,43.574668849,-119.073829092,1268.3,0.7,2.316,395.84,,,,,
T,43.574176580,-119.074128242,1268.7,0.7,2.376,59.79,,,,,
T,43.573996285,-119.074030845,1268.6,-0.4,2.397,21.52,,,,,
T,43.573923027,-119.073815681,1267.9,-3.4,2.416,19.19,,,,,
T,43.573768465,-119.073731192,1267.8,-0.9,2.435,18.48,,,,,
T,43.573676851,-119.073806796,1267.9,1.4,2.447,11.87,,,,,
T,43.573705349,-119.073916851,1268.2,2.8,2.456,9.44,,,,,
T,43.573717754,-119.073912576,1268.2,0.1,2.458,1.42,,,,,
T,43.573727477,-119.073912157,1268.2,0.6,2.459,1.08,,,,,
T,43.573747845,-119.073902518,1268.2,-0.3,2.461,2.39,,,,,
T,43.573742313,-119.073896818,1268.2,-2.5,2.462,0.77,,,,,
T,43.573736446,-119.073897656,1268.2,-0.3,2.462,0.66,,,,,
T,43.573747007,-119.073898159,1268.2,0.8,2.464,1.17,,,,,
T,43.573754802,-119.073889945,1268.2,-1.6,2.465,1.09,,,,,
T,43.573752707,-119.073886508,1268.1,-2.5,2.465,0.36,,,,,
T,43.573753377,-119.073887430,1268.1,1.9,2.465,0.11,,,,,
T,43.573752288,-119.073868738,1268.1,-3.1,2.467,1.51,,,,,
T,43.573741056,-119.073883910,1268.1,1.8,2.468,1.75,,,,,
T,43.573757401,-119.073901260,1268.2,2.2,2.471,2.29,,,,,
T,43.573744325,-119.073894639,1268.2,-1.4,2.472,1.55,,,,,
T,43.573745917,-119.073876115,1268.1,-3.0,2.474,1.51,,,,,
T,43.573750863,-119.073883072,1268.1,2.5,2.475,0.79,,,,,
T,43.573740888,-119.073874187,1268.1,-2.1,2.476,1.32,,,,,
T,43.573733848,-119.073873432,1268.1,-0.8,2.477,0.78,,,,,
T,43.573734853,-119.073871588,1268.1,-2.1,2.477,0.19,,,,,
T,43.573737200,-119.073865721,1268.1,-2.4,2.477,0.54,,,,,
T,43.573732926,-119.073826242,1268.0,-3.1,2.481,3.22,,,,,
T,43.573933002,-119.073704285,1267.7,-1.3,2.505,24.31,,,,,
T,43.574048756,-119.073902434,1268.2,2.8,2.525,20.53,,,,,
T,43.574083708,-119.074001843,1268.6,3.6,2.534,8.92,,,,,
T,43.574083541,-119.074077951,1268.6,1.3,2.541,6.15,,,,,
T,43.573893942,-119.074333012,1268.8,0.6,2.570,29.47,,,,,
T,43.572468599,-119.075388964,1270.0,0.6,2.750,179.87,,,,,
T,43.570388965,-119.076881697,1271.4,0.6,3.010,260.63,,,,,
T,43.567703236,-119.078802662,1269.2,-0.7,3.347,336.34,,,,,
T,43.565157484,-119.080613572,1267.5,-0.5,3.665,318.44,,,,,
T,43.562485585,-119.082503775,1269.4,0.6,3.999,333.83,,,,,
T,43.560980279,-119.083573138,1270.6,0.7,4.187,188.24,,,,,
T,43.559568431,-119.084358355,1270.6,0.0,4.357,169.21,,,,,
T,43.557795910,-119.084816929,1268.9,-0.9,4.557,200.39,,,,,
T,43.555602366,-119.085008539,1267.5,-0.6,4.801,244.20,,,,,
T,43.553362219,-119.085194198,1267.2,-0.1,5.050,249.34,,,,,
T,43.549342426,-119.085513465,1268.0,0.2,5.498,447.36,,,,,
T,43.548013894,-119.085279191,1267.2,-0.6,5.647,148.81,,,,,
T,43.545897296,-119.084453993,1266.8,-0.2,5.891,244.43,,,,,
T,43.543747338,-119.083570372,1266.7,-0.0,6.140,249.31,,,,,
T,43.539665435,-119.082107479,1266.9,0.0,6.609,468.67,,,,,
T,43.536576200,-119.081255291,1265.6,-0.4,6.959,350.07,,,,,
T,43.532903334,-119.080546349,1262.6,-0.7,7.371,412.07,,,,,
T,43.530809116,-119.080916243,1264.2,0.7,7.606,234.59,,,,,
T,43.528831154,-119.081930118,1266.6,1.0,7.840,234.54,,,,,
T,43.527066344,-119.083541622,1268.6,0.8,8.076,235.41,,,,,
T,43.525625076,-119.085675823,1267.1,-0.6,8.311,235.39,,,,,
T,43.524574069,-119.088204140,1268.6,0.6,8.547,235.40,,,,,
T,43.524034023,-119.090636484,1268.2,-0.2,8.752,205.59,,,,,
T,43.523854399,-119.092422836,1272.8,3.2,8.898,145.79,,,,,
T,43.523829337,-119.093507454,1275.0,2.4,8.986,87.73,,,,,
T,43.523824727,-119.095320040,1279.7,3.2,9.132,146.54,,,,,
T,43.523819614,-119.095682809,1279.8,0.4,9.162,29.33,,,,,
T,43.523769909,-119.097499838,1285.7,4.0,9.309,147.00,,,,,
T,43.523695311,-119.098954517,1286.5,0.7,9.426,117.90,,,,,
T,43.523663040,-119.099316951,1286.6,0.4,9.456,29.52,,,,,
T,43.523148391,-119.101373786,1285.9,-0.4,9.632,175.84,,,,,
T,43.523006067,-119.101680815,1285.5,-1.5,9.661,29.43,,,,,
T,43.522103839,-119.103017813,1286.9,1.0,9.809,147.42,,,,,
T,43.520326875,-119.105205322,1287.4,0.2,10.074,265.06,,,,,
T,43.518576901,-119.107428538,1284.3,-1.2,10.338,264.79,,,,,
T,43.518382525,-119.107675050,1283.8,-1.6,10.368,29.39,,,,,
T,43.517599152,-119.108655313,1285.1,1.1,10.486,117.71,,,,,
T,43.517209897,-119.109149007,1286.2,1.8,10.544,58.85,,,,,
T,43.516821815,-119.109643623,1286.3,0.1,10.603,58.81,,,,,
T,43.516630121,-119.109893991,1286.3,0.2,10.633,29.38,,,,,
T,43.516250504,-119.110400090,1286.2,-0.3,10.691,58.77,,,,,
T,43.516063420,-119.110655990,1286.1,-0.3,10.721,29.33,,,,,
T,43.514212025,-119.113720162,1287.5,0.4,11.043,322.02,,,,,
T,43.514064755,-119.114022832,1287.6,0.6,11.072,29.44,,,,,
T,43.513506940,-119.115259834,1291.3,3.1,11.190,117.67,,,,,
T,43.513379032,-119.115579687,1292.0,2.3,11.219,29.51,,,,,
T,43.513254812,-119.115901971,1291.7,-0.8,11.249,29.49,,,,,
T,43.512792299,-119.117222708,1289.3,-2.1,11.367,118.51,,,,,
T,43.512686351,-119.117559912,1288.6,-2.3,11.397,29.70,,,,,
T,43.512488119,-119.118241025,1286.6,-3.4,11.456,59.32,,,,,
T,43.512397008,-119.118585354,1286.1,-1.7,11.486,29.63,,,,,
T,43.512310591,-119.118930521,1285.6,-1.9,11.516,29.52,,,,,
T,43.512229035,-119.119278118,1285.2,-1.2,11.545,29.53,,,,,
T,43.512151753,-119.119627141,1285.0,-0.9,11.575,29.50,,,,,
T,43.512008591,-119.120328454,1283.2,-3.0,11.633,58.90,,,,,
T,43.511942374,-119.120680913,1281.2,-6.9,11.663,29.43,,,,,
T,43.511879090,-119.121034127,1278.9,-7.7,11.692,29.41,,,,,
T,43.511765683,-119.121743655,1274.4,-7.7,11.751,58.74,,,,,
T,43.511672309,-119.122460475,1272.3,-3.5,11.810,58.88,,,,,
T,43.511632495,-119.122820813,1271.8,-1.9,11.839,29.47,,,,,
T,43.511541551,-119.123905264,1272.0,0.3,11.928,88.27,,,,,
T,43.511502491,-119.124630131,1272.1,0.1,11.986,58.77,,,,,
T,43.511488829,-119.124992397,1272.0,-0.2,12.016,29.33,,,,,
T,43.511503832,-119.127168087,1268.3,-2.1,12.192,175.94,,,,,
T,43.511534762,-119.127890775,1268.1,-0.3,12.250,58.54,,,,,
T,43.511784961,-119.134748178,1269.2,0.2,12.805,555.19,,,,,
T,43.511881689,-119.137654100,1273.3,1.8,13.041,235.22,,,,,
T,43.512030132,-119.142013025,1267.8,-1.6,13.393,352.85,,,,,
T,43.512124848,-119.144911151,1267.6,-0.1,13.628,234.58,,,,,
T,43.512319559,-119.150708746,1267.6,0.0,14.097,469.29,,,,,
T,43.512354596,-119.151794873,1267.6,0.0,14.185,87.91,,,,,
T,43.512415029,-119.153608046,1267.7,0.1,14.332,146.77,,,,,
T,43.512535477,-119.161584182,1269.1,0.2,14.977,645.09,,,,,
T,43.512446294,-119.167757453,1272.6,0.7,15.476,499.27,,,,,
T,43.512408324,-119.171046512,1276.7,1.5,15.742,265.99,,,,,
T,43.512375802,-119.172893884,1279.7,2.0,15.892,149.42,,,,,
T,43.512330456,-119.175484814,1274.8,-2.4,16.101,209.56,,,,,
T,43.512315284,-119.176594745,1273.3,-1.7,16.191,89.77,,,,,
T,43.512312267,-119.178802958,1273.7,0.2,16.370,178.56,,,,,
T,43.512614099,-119.182459731,1273.8,0.0,16.667,297.58,,,,,
T,43.513515992,-119.187092995,1273.7,-0.0,17.055,387.81,,,,,
T,43.514098031,-119.189930186,1273.7,0.0,17.293,238.35,,,,,
T,43.514463818,-119.191702791,1273.7,0.0,17.442,148.98,,,,,
T,43.514683424,-119.192766119,1273.8,0.2,17.532,89.37,,,,,
T,43.515788661,-119.197303411,1275.8,0.5,17.919,386.87,,,,,
T,43.516464159,-119.199711364,1277.8,0.9,18.127,208.66,,,,,
T,43.517818423,-119.204526516,1280.0,0.5,18.545,417.39,,,,,
T,43.519433951,-119.210784361,1282.9,0.5,19.082,536.85,,,,,
T,43.519865032,-119.214797113,1282.1,-0.3,19.410,327.95,,,,,
T,43.519899901,-119.216270987,1283.0,0.8,19.529,119.23,,,,,
T,43.519957485,-119.219584772,1284.8,0.6,19.797,268.00,,,,,
T,43.520278679,-119.225825938,1288.4,0.7,20.303,505.86,,,,,
T,43.521202197,-119.231209215,1289.6,0.3,20.750,447.16,,,,,
T,43.521711733,-119.234073311,1291.4,0.7,20.988,238.38,,,,,
T,43.522662995,-119.239441250,1296.1,1.1,21.435,446.67,,,,,
T,43.523301529,-119.243016383,1301.0,1.6,21.732,297.61,,,,,
T,43.523427593,-119.243733538,1300.1,-1.5,21.792,59.65,,,,,
T,43.524109293,-119.249182446,1304.2,0.9,22.239,446.98,,,,,
T,43.524125805,-119.251390072,1303.9,-0.2,22.418,178.48,,,,,
T,43.523922795,-119.253947306,1306.0,1.1,22.625,207.97,,,,,
T,43.523712326,-119.255387150,1309.9,3.3,22.744,118.73,,,,,
T,43.523577377,-119.256097684,1307.8,-3.5,22.804,59.37,,,,,
T,43.523346623,-119.257157408,1312.3,5.0,22.893,89.43,,,,,
T,43.523020567,-119.258564478,1316.4,3.5,23.012,119.38,,,,,
T,43.522695685,-119.259968614,1317.1,0.6,23.132,119.12,,,,,
T,43.522533746,-119.260671772,1317.0,-0.2,23.191,59.63,,,,,
T,43.522452693,-119.261022303,1317.9,2.9,23.221,29.74,,,,,
T,43.522209451,-119.262076411,1321.9,4.5,23.310,89.40,,,,,
T,43.521801923,-119.263835186,1324.0,1.4,23.460,149.23,,,,,
T,43.521478632,-119.265242172,1325.8,1.5,23.579,119.29,,,,,
T,43.521243855,-119.266298628,1327.6,2.0,23.668,89.31,,,,,
T,43.521002792,-119.268483370,1334.4,3.8,23.847,178.65,,,,,
T,43.521006145,-119.269218799,1335.9,2.6,23.906,59.46,,,,,
T,43.521101614,-119.270312553,1339.5,4.0,23.995,89.06,,,,,
T,43.521721037,-119.272745987,1344.6,2.4,24.204,208.43,,,,,
T,43.521993114,-119.273380162,1346.5,3.1,24.263,59.52,,,,,
T,43.522599377,-119.274591683,1349.9,2.9,24.382,118.87,,,,,
T,43.523046132,-119.275505226,1352.7,3.2,24.471,88.99,,,,,
T,43.523639822,-119.276727308,1356.3,3.0,24.590,118.79,,,,,
T,43.523788601,-119.277032157,1358.6,7.5,24.620,29.68,,,,,
T,43.524380866,-119.278258597,1362.4,3.3,24.739,119.00,,,,,
T,43.524828376,-119.279176751,1366.5,4.5,24.828,89.34,,,,,
T,43.525423575,-119.280401599,1371.9,4.6,24.947,119.07,,,,,
T,43.525867481,-119.281322602,1372.8,1.0,25.036,89.31,,,,,
T,43.526312476,-119.282241510,1377.9,5.7,25.126,89.23,,,,,
T,43.526749760,-119.283165280,1383.0,5.7,25.215,89.09,,,,,
T,43.527029129,-119.283788642,1383.5,0.9,25.274,59.19,,,,,
T,43.527384354,-119.284767816,1389.8,7.1,25.362,88.45,,,,,
T,43.527652575,-119.285803651,1392.5,3.1,25.451,88.88,,,,,
T,43.527849633,-119.286874272,1397.2,5.2,25.540,89.27,,,,,
T,43.528013416,-119.287965680,1401.4,4.6,25.630,90.09,,,,,
T,43.528119279,-119.288694905,1402.2,1.3,25.691,60.11,,,,,
T,43.529184954,-119.296343057,1399.5,-0.4,26.320,629.50,,,,,
T,43.529293165,-119.297068175,1398.7,-1.4,26.380,59.84,,,,,
T,43.530457998,-119.305024361,1398.1,-0.1,27.036,656.04,,,,,
T,43.530673748,-119.306479627,1394.9,-2.7,27.156,120.06,,,,,
T,43.530779611,-119.307206255,1393.8,-1.9,27.216,59.90,,,,,
T,43.531368272,-119.311232334,1394.8,0.3,27.548,331.96,,,,,
T,43.531846628,-119.314515274,1393.5,-0.5,27.819,270.64,,,,,
T,43.532063132,-119.315991411,1390.3,-2.7,27.940,121.72,,,,,
T,43.532235799,-119.317156160,1386.9,-3.5,28.036,96.09,,,,,
T,43.532363037,-119.317994351,1384.4,-3.6,28.106,69.21,,,,,
T,43.532443000,-119.318533726,1384.3,-0.1,28.150,44.50,,,,,
T,43.533138279,-119.323346531,1382.9,-0.4,28.547,396.63,,,,,
T,43.533398705,-119.325146628,1381.4,-1.0,28.695,148.35,,,,,
T,43.533655694,-119.327194579,1379.7,-1.1,28.863,167.98,,,,,
T,43.533763569,-119.328362094,1378.3,-1.4,28.958,95.13,,,,,
T,43.533922574,-119.330687905,1374.9,-1.8,29.147,188.83,,,,,
T,43.534151986,-119.335086225,1373.7,-0.3,29.503,356.43,,,,,
T,43.534408975,-119.340169262,1371.4,-0.6,29.915,411.86,,,,,
T,43.534425823,-119.340477465,1371.3,-0.5,29.940,24.98,,,,,
T,43.534492543,-119.341732236,1370.9,-0.4,30.042,101.69,,,,,
T,43.534508469,-119.342041193,1371.0,0.5,30.067,25.04,,,,,
T,43.534716172,-119.346028883,1372.2,0.4,30.390,323.15,,,,,
T,43.534861850,-119.349122560,1367.2,-2.0,30.641,250.59,,,,,
T,43.534897892,-119.350182954,1364.4,-3.3,30.727,85.81,,,,,
T,43.534981711,-119.351758668,1360.6,-2.9,30.854,127.71,,,,,
T,43.535152702,-119.354999028,1362.5,0.7,31.117,262.61,,,,,
T,43.535288489,-119.357012529,1360.6,-1.2,31.280,163.45,,,,,
T,43.535555201,-119.361969000,1357.2,-0.9,31.682,401.72,,,,,
T,43.535786374,-119.366518194,1355.7,-0.4,32.051,368.60,,,,,
T,43.535883855,-119.368414935,1355.9,0.1,32.204,153.69,,,,,
T,43.536082506,-119.372198861,1358.6,0.9,32.511,306.64,,,,,
T,43.536321139,-119.376764149,1355.1,-1.0,32.881,369.96,,,,,
T,43.536342094,-119.377145441,1354.2,-2.7,32.912,30.91,,,,,
T,43.536402611,-119.378283201,1352.7,-1.7,33.004,92.21,,,,,
T,43.536535548,-119.380908329,1355.5,1.4,33.217,212.70,,,,,
T,43.536554156,-119.381283755,1356.2,2.2,33.247,30.42,,,,,
T,43.536632862,-119.382797275,1360.6,3.6,33.370,122.65,,,,,
T,43.536971491,-119.389253771,1359.2,-0.3,33.893,523.22,,,,,
T,43.537112810,-119.391908990,1357.2,-0.9,34.108,215.19,,,,,
T,43.537207190,-119.393804306,1355.4,-1.2,34.262,153.55,,,,,
T,43.537309617,-119.395705070,1353.2,-1.4,34.416,154.05,,,,,
T,43.537432328,-119.397982601,1349.2,-2.2,34.600,184.59,,,,,
T,43.537490666,-119.399125390,1347.2,-2.2,34.693,92.59,,,,,
T,43.537528301,-119.399886383,1345.4,-3.0,34.755,61.65,,,,,
T,43.537630225,-119.401779603,1342.2,-2.1,34.908,153.44,,,,,
T,43.537708428,-119.403299075,1337.0,-4.2,35.031,123.12,,,,,
T,43.537728041,-119.403684139,1336.3,-2.2,35.062,31.20,,,,,
T,43.537768191,-119.404453179,1335.4,-1.4,35.125,62.32,,,,,
T,43.537809849,-119.405216267,1335.2,-0.4,35.187,61.85,,,,,
T,43.537888471,-119.406725094,1335.9,0.6,35.309,122.27,,,,,
T,43.538280828,-119.414314320,1332.0,-0.6,35.924,614.95,,,,,
T,43.538299520,-119.414679017,1332.2,0.9,35.953,29.55,,,,,
T,43.538375627,-119.416133696,1335.0,2.4,36.071,117.88,,,,,
T,43.538412508,-119.416858982,1336.2,2.0,36.130,58.76,,,,,
T,43.538470175,-119.417947791,1341.0,5.4,36.218,88.24,,,,,
T,43.538506385,-119.418680202,1342.1,1.9,36.278,59.33,,,,,
T,43.538624067,-119.420903167,1342.3,0.1,36.458,180.15,,,,,
T,43.538696487,-119.422391793,1341.8,-0.4,36.578,120.59,,,,,
T,43.538770247,-119.423872121,1340.8,-0.8,36.698,119.93,,,,,
T,43.538830765,-119.424975850,1340.5,-0.4,36.788,89.46,,,,,
T,43.539116755,-119.430476474,1339.1,-0.3,37.233,445.72,,,,,
T,43.539251285,-119.433061955,1335.2,-1.9,37.443,209.50,,,,,
T,43.539307695,-119.434175575,1331.1,-4.5,37.533,90.23,,,,,
T,43.539346587,-119.434913099,1329.2,-3.2,37.593,59.77,,,,,
T,43.539386485,-119.435652299,1324.4,-8.0,37.653,59.91,,,,,
T,43.539425712,-119.436391331,1323.3,-1.8,37.713,59.89,,,,,
T,43.539463514,-119.437128603,1322.1,-2.0,37.772,59.74,,,,,
T,43.539502155,-119.437858416,1320.1,-3.3,37.832,59.14,,,,,
T,43.539540125,-119.438583869,1318.0,-3.6,37.890,58.79,,,,,
T,43.539725197,-119.442235362,1317.9,-0.0,38.186,295.84,,,,,
T,43.539825361,-119.444071418,1317.9,0.0,38.335,148.81,,,,,
T,43.540163739,-119.450691193,1317.8,-0.0,38.871,536.35,,,,,
T,43.540276224,-119.452908877,1315.4,-1.4,39.051,179.67,,,,,
T,43.540598508,-119.459169656,1310.5,-1.0,39.558,507.28,,,,,
T,43.540656846,-119.460274726,1305.7,-5.3,39.648,89.55,,,,,
T,43.540676124,-119.460640177,1305.3,-1.5,39.677,29.61,,,,,
T,43.540713927,-119.461373258,1302.0,-5.6,39.737,59.40,,,,,
T,43.540752651,-119.462108854,1298.8,-5.3,39.796,59.61,,,,,
T,43.540812079,-119.463211242,1294.6,-4.7,39.886,89.34,,,,,
T,43.540870752,-119.464309858,1293.2,-1.6,39.975,89.03,,,,,
T,43.540909309,-119.465040844,1291.9,-2.2,40.034,59.23,,,,,
T,43.540984327,-119.466506503,1288.7,-2.8,40.153,118.75,,,,,
T,43.541004192,-119.466873044,1287.8,-2.9,40.183,29.71,,,,,
T,43.541078121,-119.468335435,1284.8,-2.5,40.301,118.48,,,,,
T,43.541261936,-119.472003020,1285.2,0.1,40.598,297.12,,,,,
T,43.541785553,-119.482301110,1284.6,-0.1,41.432,834.33,,,,,
T,43.542263908,-119.491499662,1284.6,-0.0,42.178,745.33,,,,,
T,43.542329790,-119.496653108,1285.5,0.2,42.594,416.57,,,,,
T,43.542222921,-119.503651159,1287.2,0.3,43.160,565.71,,,,,
T,43.542059474,-119.511380028,1287.9,0.1,43.785,624.91,,,,,
T,43.541887561,-119.521339741,1289.7,0.2,44.590,805.18,,,,,
T,43.541712631,-119.530924950,1291.1,0.2,45.365,774.93,,,,,
T,43.541558655,-119.540144457,1290.6,-0.1,46.110,745.33,,,,,
T,43.541394537,-119.549709298,1297.6,0.9,46.884,773.26,,,,,
T,43.541374086,-119.550798107,1299.7,2.4,46.972,88.03,,,,,
T,43.541359585,-119.551532697,1299.7,0.0,47.031,59.39,,,,,
T,43.541313736,-119.554124214,1304.1,2.1,47.241,209.51,,,,,
T,43.541172333,-119.562624888,1297.0,-1.0,47.928,687.22,,,,,
T,43.541153893,-119.563737418,1298.0,1.1,48.018,89.94,,,,,
T,43.541006958,-119.572542524,1296.6,-0.2,48.730,711.83,,,,,
T,43.540840158,-119.581767898,1296.7,0.0,49.475,745.84,,,,,
T,43.540782994,-119.585077073,1298.3,0.6,49.743,267.53,,,,,
T,43.540735133,-119.587649228,1300.9,1.3,49.951,207.96,,,,,
T,43.540709149,-119.589119749,1304.2,2.8,50.070,118.89,,,,,
T,43.540623235,-119.593920568,1306.0,0.5,50.458,388.13,,,,,
T,43.540521478,-119.599818326,1310.7,1.0,50.935,476.81,,,,,
T,43.540466912,-119.602765152,1311.8,0.5,51.173,238.25,,,,,
T,43.540459871,-119.603131441,1311.9,0.2,51.203,29.61,,,,,
T,43.540347638,-119.609412588,1312.1,0.0,51.710,507.81,,,,,
T,43.540203804,-119.617884597,1313.8,0.3,52.395,684.92,,,,,
T,43.540074304,-119.624889856,1314.4,0.1,52.962,566.37,,,,,
T,43.539943714,-119.632268194,1316.1,0.3,53.558,596.52,,,,,
T,43.539857213,-119.636693420,1318.0,0.5,53.916,357.79,,,,,
T,43.539809687,-119.639271274,1319.0,0.5,54.124,208.42,,,,,
T,43.539802479,-119.639638569,1319.0,0.2,54.154,29.70,,,,,
T,43.539781272,-119.641112024,1319.6,0.5,54.273,119.11,,,,,
T,43.539646827,-119.648108482,1322.8,0.6,54.839,565.68,,,,,
T,43.539566025,-119.652898991,1324.7,0.5,55.226,387.29,,,,,
T,43.539512968,-119.655837100,1329.9,2.2,55.464,237.54,,,,,
T,43.539494695,-119.656939320,1332.5,3.0,55.553,89.11,,,,,
T,43.539473321,-119.658041960,1335.1,2.9,55.642,89.15,,,,,
T,43.539444152,-119.659516001,1336.3,1.0,55.761,119.18,,,,,
T,43.539401069,-119.661737373,1340.6,2.4,55.941,179.60,,,,,
T,43.539275257,-119.668761073,1339.5,-0.2,56.509,567.86,,,,,
T,43.539217841,-119.672075529,1337.3,-0.8,56.777,267.96,,,,,
T,43.539140895,-119.676488936,1338.0,0.2,57.133,356.81,,,,,
T,43.539054142,-119.680925226,1335.7,-0.6,57.492,358.69,,,,,
T,43.538960349,-119.686072636,1334.9,-0.2,57.908,416.17,,,,,
T,43.538788939,-119.695293652,1330.1,-0.6,58.654,745.53,,,,,
T,43.538709897,-119.699720135,1329.1,-0.3,59.012,357.88,,,,,
T,43.538659858,-119.702294301,1329.0,-0.0,59.220,208.13,,,,,
T,43.538503535,-119.710775698,1326.1,-0.4,59.906,685.73,,,,,
T,43.538394403,-119.716675887,1327.0,0.2,60.383,477.04,,,,,
T,43.538351487,-119.718876891,1327.9,0.5,60.561,177.96,,,,,
T,43.538185442,-119.727359042,1334.0,0.9,61.246,685.82,,,,,
T,43.538156021,-119.729198031,1333.0,-0.6,61.395,148.67,,,,,
T,43.538093325,-119.732868131,1334.6,0.5,61.692,296.72,,,,,
T,43.538062479,-119.734330689,1337.0,2.0,61.810,118.26,,,,,
T,43.538030712,-119.735804982,1337.5,0.5,61.929,119.21,,,,,
T,43.537897943,-119.742833544,1337.3,-0.0,62.498,568.28,,,,,
T,43.537786296,-119.749095496,1342.4,1.0,63.004,506.28,,,,,
T,43.537648581,-119.756102432,1344.8,0.4,63.570,566.55,,,,,
T,43.537491756,-119.764213432,1342.5,-0.4,64.226,655.82,,,,,
T,43.537141811,-119.769710871,1342.5,-0.0,64.672,446.04,,,,,
T,43.536647446,-119.771808777,1344.4,1.1,64.850,178.24,,,,,
T,43.535476243,-119.776305249,1347.5,0.8,65.237,386.04,,,,,
T,43.535209615,-119.777325746,1353.8,7.2,65.324,87.64,,,,,
T,43.535033008,-119.778000573,1357.4,6.3,65.382,57.97,,,,,
T,43.534856150,-119.778676322,1359.7,3.9,65.440,58.05,,,,,
T,43.534676693,-119.779358525,1361.4,2.9,65.499,58.64,,,,,
T,43.534495225,-119.780049697,1362.4,1.8,65.558,59.39,,,,,
T,43.534219042,-119.781096429,1363.7,1.4,65.648,90.00,,,,,
T,43.533221595,-119.784960905,1363.5,-0.1,65.980,331.45,,,,,
T,43.532108478,-119.788307967,1362.9,-0.2,66.277,297.48,,,,,
T,43.530425811,-119.792734869,1360.6,-0.6,66.681,403.74,,,,,
T,43.529508160,-119.795071911,1360.6,0.0,66.896,214.67,,,,,
T,43.529355191,-119.795482121,1360.6,0.0,66.933,37.26,,,,,
T,43.527402291,-119.800780322,1360.6,-0.0,67.413,480.12,,,,,
T,43.526674239,-119.802720062,1366.1,3.1,67.589,176.44,,,,,
T,43.526119189,-119.804195864,1369.2,2.3,67.724,134.30,,,,,
T,43.525987007,-119.804546395,1372.0,9.0,67.756,31.92,,,,,
T,43.524606507,-119.808202414,1366.5,-1.7,68.089,332.99,,,,,
T,43.524237703,-119.809184605,1366.5,0.0,68.178,89.35,,,,,
T,43.523407811,-119.812275684,1366.5,0.0,68.444,266.37,,,,,
T,43.523252914,-119.814833589,1366.5,0.0,68.652,207.51,,,,,
T,43.523551561,-119.817380682,1366.5,0.0,68.860,208.58,,,,,
T,43.524392769,-119.820093149,1367.7,0.5,69.099,238.37,,,,,
T,43.525146805,-119.822059125,1367.2,-0.3,69.278,179.66,,,,,
T,43.527395586,-119.827949088,1368.7,0.3,69.816,537.72,,,,,
T,43.527520057,-119.828274976,1369.0,0.8,69.846,29.75,,,,,
T,43.529383186,-119.833161291,1375.0,1.3,70.292,445.96,,,,,
T,43.529624166,-119.833795298,1380.6,9.8,70.350,57.82,,,,,
T,43.529867409,-119.834426036,1385.0,7.7,70.407,57.71,,,,,
T,43.530111238,-119.835062223,1388.0,5.2,70.466,58.13,,,,,
T,43.530477025,-119.836024381,1392.1,4.7,70.553,87.75,,,,,
T,43.530720435,-119.836668698,1396.5,7.4,70.612,58.69,,,,,
T,43.531093597,-119.837643681,1400.3,4.3,70.701,89.05,,,,,
T,43.531640600,-119.838929968,1402.0,1.5,70.821,120.44,,,,,
T,43.531930698,-119.839557270,1402.7,1.2,70.882,60.08,,,,,
T,43.533241628,-119.842351964,1405.8,1.2,71.150,268.79,,,,,
T,43.534701252,-119.845470619,1403.4,-0.8,71.450,299.74,,,,,
T,43.535576239,-119.847337185,1401.0,-1.3,71.630,179.48,,,,,
T,43.536194153,-119.848547699,1400.7,-0.3,71.749,119.53,,,,,
T,43.538181838,-119.851542972,1401.2,0.2,72.077,327.69,,,,,
T,43.540141443,-119.854042120,1404.5,1.1,72.374,296.99,,,,,
T,43.540722057,-119.854780482,1409.1,5.3,72.462,87.88,,,,,
T,43.541110558,-119.855273422,1409.2,0.1,72.520,58.74,,,,,
T,43.541306527,-119.855523622,1409.6,1.4,72.550,29.71,,,,,
T,43.542887271,-119.857546510,1409.3,-0.1,72.790,239.95,,,,,
T,43.543084916,-119.857801152,1408.2,-3.8,72.820,30.10,,,,,
T,43.543675337,-119.858557535,1407.2,-1.1,72.910,89.67,,,,,
T,43.545838874,-119.861307638,1407.1,-0.0,73.237,327.38,,,,,
T,43.546820143,-119.862555787,1407.1,0.0,73.386,148.53,,,,,
T,43.548975298,-119.865324078,1407.1,0.0,73.713,327.69,,,,,
T,43.550940016,-119.867839990,1407.2,0.0,74.012,298.30,,,,,
T,43.551135985,-119.868090442,1407.2,0.2,74.041,29.73,,,,,
T,43.552122284,-119.869343536,1409.4,1.5,74.191,149.20,,,,,
T,43.552709604,-119.870101511,1409.5,0.1,74.280,89.50,,,,,
T,43.553887932,-119.871607991,1410.3,0.5,74.459,178.77,,,,,
T,43.554084236,-119.871856682,1411.1,2.8,74.489,29.66,,,,,
T,43.554864004,-119.872861672,1411.3,0.2,74.607,118.74,,,,,
T,43.557430627,-119.876136817,1408.2,-0.8,74.996,389.04,,,,,
T,43.561552679,-119.881413560,1410.5,0.4,75.622,625.71,,,,,
T,43.562728409,-119.882918363,1414.6,2.3,75.800,178.45,,,,,
T,43.564901166,-119.885681961,1417.2,0.8,76.129,328.83,,,,,
T,43.566244030,-119.887933172,1416.3,-0.4,76.365,235.24,,,,,
T,43.567111725,-119.891037578,1414.3,-0.7,76.633,268.69,,,,,
T,43.568891874,-119.897226440,1415.7,0.3,77.171,537.67,,,,,
T,43.569477685,-119.898452796,1417.6,1.6,77.289,118.54,,,,,
T,43.572283778,-119.903421504,1417.4,-0.0,77.798,508.24,,,,,
T,43.573401170,-119.905927861,1410.5,-2.9,78.035,237.49,,,,,
T,43.574135257,-119.909087336,1397.1,-5.0,78.303,267.93,,,,,
T,43.574748812,-119.911910528,1410.6,5.7,78.541,238.02,,,,,
T,43.575285673,-119.914398612,1408.5,-1.0,78.751,209.64,,,,,
T,43.575516427,-119.915466467,1407.6,-0.9,78.841,89.99,,,,,
T,43.575898558,-119.917237228,1407.2,-0.3,78.990,149.20,,,,,
T,43.576464085,-119.920074334,1407.2,0.0,79.228,237.62,,,,,
T,43.576788129,-119.923354844,1407.8,0.2,79.495,267.42,,,,,
T,43.576744460,-119.927432220,1404.4,-1.0,79.824,329.38,,,,,
T,43.576709256,-119.928552210,1402.3,-2.3,79.915,90.55,,,,,
T,43.576679332,-119.929665495,1398.8,-3.9,80.005,89.99,,,,,
T,43.576652342,-119.930769224,1394.6,-4.7,80.094,89.20,,,,,
T,43.576619402,-119.932241170,1390.7,-3.3,80.213,118.95,,,,,
T,43.576659132,-119.935185732,1387.9,-1.2,80.451,237.89,,,,,
T,43.577194903,-119.938035077,1383.8,-1.7,80.689,237.73,,,,,
T,43.578334423,-119.942938741,1388.3,1.1,81.104,415.82,,,,,
T,43.578736754,-119.944689302,1390.5,1.5,81.253,148.29,,,,,
T,43.579224078,-119.946804475,1390.6,0.0,81.432,179.22,,,,,
T,43.579628253,-119.948571129,1393.6,2.0,81.582,149.59,,,,,
T,43.581027528,-119.954164708,1399.4,1.2,82.059,477.79,,,,,
T,43.581624068,-119.955420150,1394.8,-3.8,82.181,121.14,,,,,
T,43.582382044,-119.956482975,1389.9,-4.1,82.301,120.25,,,,,
T,43.582975818,-119.957233323,1387.4,-2.7,82.390,89.58,,,,,
T,43.583965972,-119.958477868,1384.8,-1.7,82.539,149.02,,,,,
T,43.585727680,-119.960726984,1378.2,-2.5,82.806,267.03,,,,,
T,43.586318102,-119.961486720,1377.6,-0.7,82.896,89.82,,,,,
T,43.586517172,-119.961737171,1377.1,-1.5,82.926,29.97,,,,,
T,43.587697511,-119.963232335,1372.8,-2.4,83.104,178.26,,,,,
T,43.590523638,-119.967108630,1372.0,-0.2,83.548,443.38,,,,,
T,43.590869308,-119.968087384,1372.5,0.5,83.636,87.88,,,,,
T,43.590948433,-119.968433389,1373.2,2.6,83.665,29.29,,,,,
T,43.591081118,-119.969507027,1377.2,4.5,83.753,87.95,,,,,
T,43.591082543,-119.970235582,1378.2,1.8,83.812,58.83,,,,,
T,43.590992941,-119.971338473,1380.1,2.1,83.901,89.62,,,,,
T,43.590682894,-119.974679835,1377.9,-0.8,84.173,272.02,,,,,
T,43.590546018,-119.976164019,1374.0,-3.3,84.294,120.82,,,,,
T,43.590448201,-119.977273783,1369.8,-4.6,84.385,90.28,,,,,
T,43.590415511,-119.977640491,1367.2,-8.7,84.414,29.84,,,,,
T,43.590351054,-119.978370974,1364.4,-4.7,84.474,59.42,,,,,
T,43.590255585,-119.979462717,1359.8,-5.2,84.563,88.80,,,,,
T,43.589680921,-119.986033123,1364.1,0.8,85.097,534.43,,,,,
T,43.589617722,-119.986755643,1367.1,5.0,85.156,58.77,,,,,
T,43.589519821,-119.987849481,1368.6,1.7,85.245,89.00,,,,,
T,43.588994946,-119.993738439,1369.0,0.1,85.724,479.14,,,,,
T,43.588700993,-119.997053146,1364.7,-1.6,85.994,269.67,,,,,
T,43.588543749,-119.998865062,1368.7,2.7,86.141,147.37,,,,,
T,43.588483231,-119.999580123,1371.0,3.9,86.199,58.14,,,,,
T,43.588452637,-119.999939455,1372.3,4.6,86.228,29.22,,,,,
T,43.588360185,-120.001024241,1374.9,2.9,86.317,88.21,,,,,
T,43.588263625,-120.002123611,1375.9,1.2,86.406,89.43,,,,,
T,43.588004625,-120.005069431,1378.3,1.0,86.646,239.64,,,,,
T,43.587971851,-120.005436642,1378.2,-0.2,86.675,29.88,,,,,
T,43.587640012,-120.009124596,1375.0,-1.1,86.976,300.11,,,,,
T,43.587544626,-120.010225307,1373.9,-1.2,87.065,89.52,,,,,
T,43.587325439,-120.012752199,1379.8,2.9,87.271,205.52,,,,,
T,43.587232232,-120.013825418,1383.2,3.9,87.358,87.29,,,,,
T,43.587170541,-120.014548358,1384.9,3.0,87.417,58.79,,,,,
T,43.587074569,-120.015610596,1387.0,2.4,87.503,86.45,,,,,
T,43.586904164,-120.017599538,1391.3,2.6,87.665,161.74,,,,,
T,43.586876253,-120.017913943,1391.6,1.1,87.690,25.58,,,,,
T,43.586654300,-120.020748954,1393.4,0.8,87.921,230.28,,,,,
T,43.586792685,-120.023068227,1392.6,-0.4,88.109,187.94,,,,,
T,43.586968957,-120.024173213,1393.8,1.3,88.200,91.36,,,,,
T,43.587256707,-120.025512474,1393.3,-0.5,88.313,112.79,,,,,
T,43.588069752,-120.028839083,1391.2,-0.7,88.596,283.44,,,,,
T,43.589134589,-120.033427505,1393.1,0.5,88.985,388.98,,,,,
T,43.589542620,-120.035179406,1395.8,1.8,89.134,148.56,,,,,
T,43.589864820,-120.036582453,1398.3,2.1,89.253,118.83,,,,,
T,43.590435209,-120.039059641,1399.6,0.6,89.462,209.85,,,,,
T,43.590798145,-120.040836604,1400.8,0.8,89.612,149.06,,,,,
T,43.590987157,-120.043408088,1400.4,-0.2,89.820,208.72,,,,,
T,43.590974081,-120.047097886,1403.8,1.2,90.118,297.97,,,,,
T,43.590972321,-120.048940396,1404.9,0.7,90.267,148.79,,,,,
T,43.590967711,-120.050410079,1406.3,1.2,90.386,118.69,,,,,
T,43.590968801,-120.052632708,1405.9,-0.2,90.565,179.49,,,,,
T,43.590965113,-120.054852236,1404.8,-0.6,90.744,179.24,,,,,
T,43.590961173,-120.058542872,1402.8,-0.7,91.042,298.04,,,,,
T,43.590961257,-120.058912598,1402.8,-0.2,91.072,29.86,,,,,
T,43.590859501,-120.061859088,1402.5,-0.1,91.311,238.21,,,,,
T,43.590255668,-120.065832697,1400.2,-0.7,91.638,327.83,,,,,
T,43.589173397,-120.069593321,1401.4,0.4,91.965,326.63,,,,,
T,43.588963263,-120.070265382,1403.6,3.7,92.024,59.08,,,,,
T,43.588646175,-120.071272887,1405.4,2.1,92.113,88.66,,,,,
T,43.588253064,-120.072641149,1409.4,3.3,92.232,118.82,,,,,
T,43.587884009,-120.075187320,1408.8,-0.2,92.441,209.67,,,,,
T,43.587844279,-120.076311417,1404.8,-4.4,92.532,90.89,,,,,
T,43.587816870,-120.078171696,1400.9,-2.6,92.682,150.27,,,,,
T,43.587791305,-120.080022169,1396.4,-3.0,92.832,149.47,,,,,
T,43.587776972,-120.081126401,1394.2,-2.5,92.921,89.19,,,,,
T,43.587755682,-120.082604634,1391.2,-2.5,93.040,119.40,,,,,
T,43.587732632,-120.083716745,1389.2,-2.3,93.130,89.85,,,,,
T,43.587727267,-120.084087895,1388.6,-1.8,93.160,29.98,,,,,
T,43.587711258,-120.085195312,1385.6,-3.4,93.250,89.45,,,,,
T,43.587639760,-120.089604864,1381.2,-1.2,93.606,356.20,,,,,
T,43.587634061,-120.089973919,1380.7,-1.5,93.636,29.81,,,,,
T,43.587510511,-120.098094726,1379.7,-0.2,94.292,655.98,,,,,
T,43.587502968,-120.098465625,1379.3,-1.4,94.322,29.97,,,,,
T,43.587452844,-120.101051442,1376.8,-1.2,94.531,208.90,,,,,
T,43.587437086,-120.102160033,1375.5,-1.4,94.620,89.55,,,,,
T,43.587389225,-120.105483709,1373.5,-0.7,94.889,268.47,,,,,
T,43.587376401,-120.106218383,1373.8,0.4,94.948,59.35,,,,,
T,43.587328456,-120.109174680,1370.3,-1.5,95.187,238.81,,,,,
T,43.587323511,-120.109545915,1369.9,-1.4,95.217,29.99,,,,,
T,43.587316470,-120.111028338,1368.3,-1.3,95.337,119.72,,,,,
T,43.587382939,-120.112868501,1366.4,-1.3,95.485,148.79,,,,,
T,43.587894235,-120.117599918,1366.1,-0.1,95.872,386.31,,,,,
T,43.588931831,-120.122197224,1365.1,-0.3,96.260,388.76,,,,,
T,43.589809835,-120.124896113,1363.7,-0.6,96.499,238.79,,,,,
T,43.590997467,-120.127797928,1362.2,-0.5,96.768,268.93,,,,,
T,43.593072910,-120.131656705,1360.5,-0.4,97.156,387.65,,,,,
T,43.596774610,-120.137974983,1355.8,-0.7,97.811,655.33,,,,,
T,43.598117139,-120.140287969,1355.7,-0.1,98.050,239.02,,,,,
T,43.602144308,-120.147211673,1355.7,0.0,98.766,716.05,,,,,
T,43.605499081,-120.152974147,1355.9,0.0,99.362,596.14,,,,,
T,43.609524323,-120.159886200,1356.7,0.1,100.077,715.13,,,,,
T,43.609692045,-120.160173113,1356.6,-0.5,100.107,29.73,,,,,
T,43.610861572,-120.162202455,1356.1,-0.2,100.316,209.10,,,,,
T,43.612376684,-120.164801180,1354.0,-0.8,100.585,268.98,,,,,
T,43.615214881,-120.169217437,1355.7,0.4,101.061,475.95,,,,,
T,43.619235009,-120.174134513,1352.7,-0.5,101.659,597.52,,,,,
T,43.619435336,-120.174378846,1352.6,-0.2,101.688,29.74,,,,,
T,43.622956155,-120.178338708,1352.0,-0.1,102.194,505.15,,,,,
T,43.627042752,-120.181128373,1351.3,-0.1,102.700,506.80,,,,,
T,43.627525633,-120.181461554,1350.9,-0.6,102.760,60.01,,,,,
T,43.630168280,-120.183271207,1351.1,0.1,103.088,327.93,,,,,
T,43.634252446,-120.186066655,1350.9,-0.0,103.595,506.75,,,,,
T,43.635693798,-120.187055217,1350.8,-0.1,103.774,178.91,,,,,
T,43.636897020,-120.187876057,1350.5,-0.2,103.923,149.19,,,,,
T,43.639541008,-120.189691745,1349.5,-0.3,104.251,328.27,,,,,
T,43.642661087,-120.191835333,1349.7,0.0,104.639,387.41,,,,,
T,43.645148082,-120.193998870,1347.2,-0.8,104.966,326.84,,,,,
T,43.647119338,-120.196511932,1347.5,0.1,105.264,298.46,,,,,
T,43.650922040,-120.202260744,1347.2,-0.1,105.892,627.39,,,,,
T,43.655806929,-120.209658863,1347.2,0.0,106.698,806.70,,,,,
T,43.660151940,-120.216221474,1347.5,0.0,107.415,716.44,,,,,
T,43.665214861,-120.223856550,1347.6,0.0,108.249,834.08,,,,,
T,43.669738909,-120.230682604,1347.0,-0.1,108.994,745.49,,,,,
T,43.673717966,-120.236690417,1347.0,0.0,109.650,655.90,,,,,
T,43.677331991,-120.242155753,1347.0,0.0,110.246,596.22,,,,,
T,43.681675829,-120.248715766,1347.8,0.1,110.962,716.06,,,,,
T,43.686303310,-120.255904673,1347.9,0.0,111.737,774.81,,,,,
T,43.687971057,-120.259689437,1347.9,-0.0,112.094,357.01,,,,,
T,43.690224281,-120.265149577,1348.1,0.0,112.601,506.42,,,,,
T,43.690357050,-120.265470520,1348.2,0.2,112.630,29.78,,,,,
T,43.691423144,-120.268038567,1348.3,0.0,112.869,238.53,,,,,
T,43.695011353,-120.276717357,1348.3,-0.0,113.674,805.28,,,,,
T,43.698463775,-120.285076546,1347.9,-0.0,114.450,775.39,,,,,
T,43.700316511,-120.289579388,1347.6,-0.1,114.867,417.28,,,,,
T,43.703372050,-120.296978932,1347.1,-0.1,115.553,686.30,,,,,
T,43.706287024,-120.304055773,1347.4,0.0,116.209,655.95,,,,,
T,43.707091771,-120.305976905,1347.6,0.1,116.388,178.80,,,,,
T,43.710012697,-120.313052991,1348.0,0.1,117.044,656.19,,,,,
T,43.713596631,-120.321736978,1348.6,0.1,117.849,805.22,,,,,
T,43.716647225,-120.329134008,1349.5,0.1,118.535,685.74,,,,,
T,43.717845837,-120.332021993,1350.3,0.3,118.803,268.14,,,,,
T,43.717977265,-120.332343522,1349.2,-3.6,118.833,29.74,,,,,
T,43.721164651,-120.340060322,1353.5,0.6,119.549,715.61,,,,,
T,43.723556511,-120.345837716,1355.1,0.3,120.085,536.05,,,,,
T,43.723946102,-120.346803395,1357.1,2.3,120.174,89.04,,,,,
T,43.724616570,-120.348420935,1355.2,-1.3,120.324,150.12,,,,,
T,43.725151084,-120.349720968,1352.6,-2.2,120.444,120.42,,,,,
T,43.725284943,-120.350044174,1352.6,0.3,120.474,29.99,,,,,
T,43.725948874,-120.351647129,1352.0,-0.5,120.623,148.74,,,,,
T,43.729398698,-120.360007156,1352.6,0.1,121.398,775.01,,,,,
T,43.730192548,-120.361940945,1352.3,-0.1,121.577,179.04,,,,,
T,43.731128136,-120.364186121,1355.2,1.4,121.786,208.63,,,,,
T,43.734174119,-120.371592287,1353.5,-0.2,122.472,685.98,,,,,
T,43.736833194,-120.378019866,1354.9,0.2,123.068,596.17,,,,,
T,43.736966718,-120.378340976,1354.8,-0.4,123.098,29.82,,,,,
T,43.737757551,-120.380285997,1354.3,-0.2,123.277,179.64,,,,,
T,43.740547467,-120.387041895,1354.5,0.0,123.904,626.32,,,,,
T,43.740810910,-120.387684535,1354.7,0.3,123.963,59.47,,,,,
T,43.743327493,-120.393808857,1351.6,-0.5,124.530,567.06,,,,,
T,43.743726304,-120.394775458,1351.6,0.0,124.620,89.59,,,,,
T,43.744388977,-120.396380341,1352.0,0.3,124.769,148.77,,,,,
T,43.745712312,-120.399585832,1357.0,1.7,125.066,297.13,,,,,
T,43.746781508,-120.402170727,1355.3,-0.7,125.305,239.71,,,,,
T,43.748103753,-120.405397592,1354.2,-0.4,125.604,298.56,,,,,
T,43.748762570,-120.407010773,1352.3,-1.2,125.753,149.13,,,,,
T,43.752341727,-120.415696101,1353.0,0.1,126.558,804.66,,,,,
T,43.752740705,-120.416659350,1353.0,0.0,126.647,89.35,,,,,
T,43.754853532,-120.421815310,1354.6,0.3,127.124,477.01,,,,,
T,43.757245392,-120.427603768,1356.1,0.3,127.661,536.60,,,,,
T,43.758827224,-120.431468999,1355.2,-0.3,128.018,357.46,,,,,
T,43.759630714,-120.433398848,1355.1,-0.0,128.197,179.23,,,,,
T,43.761743708,-120.438536117,1357.6,0.5,128.673,475.67,,,,,
T,43.762401603,-120.440154914,1357.2,-0.3,128.822,149.45,,,,,
T,43.762799995,-120.441126125,1356.8,-0.4,128.912,89.86,,,,,
T,43.766515190,-120.450134743,1357.6,0.1,129.747,834.62,,,,,
T,43.767040903,-120.451417510,1359.4,1.5,129.866,118.66,,,,,
T,43.767172750,-120.451737950,1360.0,2.2,129.895,29.67,,,,,
T,43.767698379,-120.453024823,1360.9,0.8,130.014,118.94,,,,,
T,43.769165631,-120.456571290,1364.1,1.0,130.343,328.81,,,,,
T,43.769297479,-120.456893742,1364.3,0.5,130.373,29.81,,,,,
T,43.770883670,-120.460753608,1368.2,1.1,130.730,357.27,,,,,
T,43.771944148,-120.463326350,1372.8,1.9,130.968,238.31,,,,,
T,43.772470029,-120.464615487,1375.8,2.5,131.088,119.11,,,,,
T,43.772863895,-120.465585440,1376.4,0.6,131.177,89.52,,,,,
T,43.773927139,-120.468165977,1380.0,1.5,131.416,239.00,,,,,
T,43.774590651,-120.469772033,1381.8,1.2,131.565,148.84,,,,,
T,43.774856441,-120.470414255,1382.1,0.6,131.624,59.54,,,,,
T,43.774988959,-120.470735282,1382.6,1.6,131.654,29.75,,,,,
T,43.775645178,-120.472338824,1388.3,3.9,131.802,148.26,,,,,
T,43.776042815,-120.473291762,1394.0,6.4,131.891,88.53,,,,,
T,43.776305504,-120.473929960,1396.5,4.2,131.950,59.09,,,,,
T,43.776567858,-120.474570841,1398.2,2.9,132.009,59.26,,,,,
T,43.776830379,-120.475215158,1400.5,3.9,132.069,59.51,,,,,
T,43.777225753,-120.476185111,1403.6,3.4,132.158,89.60,,,,,
T,43.777491376,-120.476833116,1405.8,3.8,132.218,59.94,,,,,
T,43.778014658,-120.478137508,1407.7,1.5,132.338,120.03,,,,,
T,43.779089721,-120.480826171,1410.2,1.0,132.586,247.22,,,,,
T,43.779382166,-120.481539387,1411.2,1.6,132.652,65.97,,,,,
T,43.779679304,-120.482256962,1412.6,2.0,132.718,66.54,,,,,
T,43.780430993,-120.484055216,1415.4,1.7,132.885,167.13,,,,,
T,43.782241987,-120.488596028,1418.5,0.7,133.303,417.26,,,,,
T,43.782451702,-120.489391135,1419.1,0.8,133.371,68.11,,,,,
T,43.782674409,-120.490195965,1420.2,1.6,133.440,69.35,,,,,
T,43.782785889,-120.490596453,1420.9,1.9,133.475,34.54,,,,,
T,43.783717202,-120.493859276,1421.9,0.4,133.757,282.30,,,,,
T,43.784001516,-120.494884215,1424.9,3.4,133.845,88.35,,,,,
T,43.784185667,-120.495559713,1427.8,5.0,133.903,58.10,,,,,
T,43.784461683,-120.496567050,1431.8,4.6,133.990,86.69,,,,,
T,43.784649940,-120.497248247,1434.9,5.2,134.049,58.69,,,,,
T,43.784837946,-120.497939335,1436.3,2.3,134.108,59.42,,,,,
T,43.785708323,-120.501086321,1431.4,-1.8,134.379,271.15,,,,,
T,43.785999259,-120.502130454,1428.7,-3.0,134.469,90.05,,,,,
T,43.786379043,-120.503509110,1427.8,-0.8,134.588,118.72,,,,,
T,43.786666123,-120.504539581,1428.7,1.1,134.677,88.87,,,,,
T,43.787426865,-120.507288007,1433.5,2.0,134.914,236.83,,,,,
T,43.787522167,-120.507631833,1433.7,0.7,134.943,29.63,,,,,
T,43.787804972,-120.508670099,1434.7,1.1,135.033,89.28,,,,,
T,43.788668895,-120.511798477,1437.6,1.1,135.302,269.48,,,,,
T,43.790768562,-120.519411424,1441.4,0.6,135.958,655.66,,,,,
T,43.790958580,-120.520103518,1441.7,0.4,136.017,59.57,,,,,
T,43.792010089,-120.523918457,1442.9,0.4,136.346,328.53,,,,,
T,43.792202286,-120.524609964,1442.9,-0.0,136.405,59.61,,,,,
T,43.792868648,-120.527045829,1440.8,-1.0,136.615,209.57,,,,,
T,43.794297846,-120.532242861,1438.0,-0.6,137.062,447.41,,,,,
T,43.794392478,-120.532593811,1436.9,-3.9,137.093,30.14,,,,,
T,43.794682827,-120.533639621,1435.9,-1.1,137.183,90.14,,,,,
T,43.795063784,-120.535022551,1433.8,-1.8,137.302,119.08,,,,,
T,43.797440473,-120.543670580,1430.7,-0.4,138.046,744.41,,,,,
T,43.799536033,-120.551302219,1425.2,-0.8,138.703,656.83,,,,,
T,43.799827388,-120.552348699,1421.7,-3.9,138.793,90.22,,,,,
T,43.800113127,-120.553381182,1420.3,-1.6,138.882,88.95,,,,,
T,43.800674379,-120.555438772,1418.6,-1.0,139.059,176.94,,,,,
T,43.800958609,-120.556471674,1417.0,-1.7,139.148,88.92,,,,,
T,43.801434282,-120.558199603,1416.0,-0.7,139.297,148.76,,,,,
T,43.802293008,-120.561305601,1419.1,1.2,139.564,267.54,,,,,
T,43.802387137,-120.561650265,1419.2,0.4,139.594,29.64,,,,,
T,43.804010209,-120.567557998,1419.0,-0.0,140.102,508.46,,,,,
T,43.805151908,-120.571703436,1420.3,0.4,140.459,356.88,,,,,
T,43.806201071,-120.575529188,1417.9,-0.7,140.788,329.18,,,,,
T,43.808285817,-120.583135094,1417.9,-0.0,141.443,654.38,,,,,
T,43.809618540,-120.587975979,1419.9,0.5,141.860,416.71,,,,,
T,43.809714764,-120.588321900,1420.2,0.9,141.889,29.82,,,,,
T,43.811312020,-120.594161823,1418.7,-0.3,142.392,502.28,,,,,
T,43.811487285,-120.594798094,1418.3,-0.8,142.446,54.77,,,,,
T,43.811898250,-120.596280517,1416.3,-1.5,142.574,127.72,,,,,
T,43.813475976,-120.602041148,1413.8,-0.5,143.070,495.53,,,,,
T,43.814827222,-120.606989739,1409.4,-1.0,143.495,425.51,,,,,
T,43.815051606,-120.607808148,1408.9,-0.8,143.566,70.41,,,,,
T,43.816543669,-120.613285806,1406.3,-0.5,144.036,470.85,,,,,
T,43.816619357,-120.613562660,1405.9,-1.7,144.060,23.81,,,,,
T,43.817612110,-120.617162688,1400.3,-1.8,144.370,309.92,,,,,
T,43.817987619,-120.618530950,1397.3,-2.6,144.488,117.72,,,,,
T,43.818462370,-120.620247982,1394.2,-2.1,144.636,147.87,,,,,
T,43.819485716,-120.623982120,1395.2,0.3,144.957,321.21,,,,,
T,43.820240339,-120.626734318,1393.1,-0.9,145.194,236.75,,,,,
T,43.821360245,-120.630827034,1390.8,-0.7,145.546,351.98,,,,,
T,43.822483504,-120.634929724,1386.2,-1.3,145.899,352.85,,,,,
T,43.822577465,-120.635271789,1385.9,-1.0,145.928,29.43,,,,,
T,43.822949119,-120.636637537,1385.0,-0.7,146.045,117.37,,,,,
T,43.823700137,-120.639355620,1385.5,0.2,146.279,234.03,,,,,
T,43.824539334,-120.642431779,1385.1,-0.1,146.544,264.44,,,,,
T,43.825008217,-120.644151494,1380.7,-2.9,146.692,147.82,,,,,
T,43.825195218,-120.644842750,1378.1,-4.4,146.751,59.36,,,,,
T,43.825570894,-120.646212855,1375.9,-1.9,146.869,117.85,,,,,
T,43.826227365,-120.648589125,1373.3,-1.3,147.073,204.59,,,,,
T,43.826321410,-120.648929095,1373.0,-1.1,147.103,29.28,,,,,
T,43.826880902,-120.650978722,1369.8,-1.8,147.279,176.20,,,,,
T,43.827998964,-120.655078227,1364.3,-1.6,147.631,352.38,,,,,
T,43.828186132,-120.655768896,1361.6,-4.6,147.691,59.32,,,,,
T,43.828557534,-120.657136738,1359.8,-1.5,147.808,117.51,,,,,
T,43.828936564,-120.658476418,1359.3,-0.4,147.924,115.70,,,,,
T,43.830143977,-120.662890747,1357.8,-0.4,148.303,379.57,,,,,
T,43.831264386,-120.666993437,1357.3,-0.1,148.656,352.70,,,,,
T,43.833420211,-120.674842754,1355.2,-0.3,149.331,675.25,,,,,
T,43.833884904,-120.676553669,1354.5,-0.5,149.478,146.98,,,,,
T,43.834258988,-120.677913632,1354.5,0.0,149.595,117.01,,,,,
T,43.835382918,-120.682018586,1351.5,-0.8,149.948,352.98,,,,,
T,43.835851383,-120.683721537,1350.7,-0.6,150.095,146.52,,,,,
T,43.837993629,-120.691569848,1349.1,-0.2,150.769,674.59,,,,,
T,43.838463100,-120.693280092,1349.1,0.0,150.917,147.10,,,,,
T,43.840805339,-120.701820748,1348.1,-0.1,151.651,734.51,,,,,
T,43.843506994,-120.711725308,1348.4,0.0,152.502,851.20,,,,,
T,43.845467437,-120.718897786,1344.2,-0.7,153.119,616.54,,,,,
T,43.845745465,-120.719922725,1343.1,-1.3,153.207,88.02,,,,,
T,43.846962936,-120.724366810,1339.5,-0.9,153.589,382.11,,,,,
T,43.847428635,-120.726078814,1338.9,-0.4,153.736,147.07,,,,,
T,43.848828329,-120.731195379,1338.1,-0.2,154.176,439.84,,,,,
T,43.850882901,-120.738719394,1337.0,-0.2,154.822,646.63,,,,,
T,43.851442561,-120.740766674,1336.9,-0.1,154.998,175.97,,,,,
T,43.853395963,-120.747944852,1335.9,-0.2,155.615,616.62,,,,,
T,43.854337251,-120.751356119,1331.0,-1.6,155.909,293.54,,,,,
T,43.854431380,-120.751697598,1331.6,1.8,155.938,29.38,,,,,
T,43.854905712,-120.753395855,1331.2,-0.3,156.084,146.36,,,,,
T,43.855973314,-120.756745851,1327.2,-1.3,156.379,294.31,,,,,
T,43.856188394,-120.757416235,1327.3,0.2,156.438,58.96,,,,,
T,43.857595548,-120.761739789,1323.9,-0.9,156.819,381.15,,,,,
T,43.857703172,-120.762073137,1324.0,0.3,156.848,29.35,,,,,
T,43.857918670,-120.762737906,1325.1,2.0,156.907,58.56,,,,,
T,43.859953461,-120.769082923,1323.5,-0.3,157.465,557.97,,,,,
T,43.861244610,-120.773070864,1324.6,0.3,157.816,351.24,,,,,
T,43.863070691,-120.778744994,1326.3,0.3,158.315,499.24,,,,,
T,43.863285351,-120.779412696,1326.3,0.0,158.374,58.74,,,,,
T,43.865211681,-120.785409864,1327.9,0.3,158.901,527.48,,,,,
T,43.866112484,-120.788475042,1325.3,-1.0,159.167,265.95,,,,,
T,43.866500231,-120.789847327,1320.4,-4.1,159.286,118.43,,,,,
T,43.866801141,-120.790869920,1318.0,-2.7,159.374,88.74,,,,,
T,43.867195677,-120.792217394,1314.6,-2.9,159.491,116.85,,,,,
T,43.867590129,-120.793554978,1314.3,-0.3,159.607,116.11,,,,,
T,43.869849220,-120.801328523,1312.0,-0.3,160.281,673.39,,,,,
T,43.871430885,-120.807499113,1313.0,0.2,160.807,526.21,,,,,
T,43.871445051,-120.809702966,1312.0,-0.6,160.984,177.15,,,,,
T,43.871445805,-120.810070932,1311.8,-0.7,161.014,29.58,,,,,
T,43.871446727,-120.811534161,1311.3,-0.4,161.131,117.61,,,,,
T,43.871436082,-120.816286784,1311.3,-0.0,161.513,382.01,,,,,
T,43.871433651,-120.822135005,1310.7,-0.1,161.983,470.08,,,,,
T,43.871428454,-120.831642430,1311.5,0.1,162.748,764.20,,,,,
T,43.871433483,-120.833106246,1310.7,-0.6,162.865,117.66,,,,,
T,43.871432645,-120.833472535,1310.7,-0.3,162.895,29.44,,,,,
T,43.871430131,-120.837856857,1310.9,0.1,163.247,352.41,,,,,
T,43.871428538,-120.840028860,1313.6,1.6,163.422,174.58,,,,,
T,43.871425940,-120.841487562,1317.3,3.1,163.539,117.25,,,,,
T,43.871430550,-120.847698469,1319.0,0.3,164.038,499.23,,,,,
T,43.871434154,-120.851712646,1322.5,1.1,164.361,322.66,,,,,
T,43.871436082,-120.852076253,1322.8,1.0,164.390,29.23,,,,,
T,43.871428454,-120.853893450,1325.5,1.8,164.536,146.07,,,,,
T,43.871427449,-120.854257140,1326.1,2.1,164.565,29.23,,,,,
T,43.871472459,-120.861588959,1323.9,-0.4,165.155,589.35,,,,,
T,43.871474471,-120.861955164,1323.7,-0.6,165.184,29.44,,,,,
T,43.871502299,-120.864511896,1324.1,0.2,165.390,205.53,,,,,
T,43.871530714,-120.867070220,1318.1,-2.9,165.595,205.66,,,,,
T,43.871569522,-120.870369589,1313.7,-1.7,165.861,265.24,,,,,
T,43.871578993,-120.871470636,1310.7,-3.4,165.949,88.51,,,,,
T,43.871646803,-120.873280205,1307.2,-2.4,166.095,145.65,,,,,
T,43.871707991,-120.874000043,1307.0,-0.2,166.153,58.26,,,,,
T,43.871988784,-120.876139607,1307.5,0.2,166.328,174.78,,,,,
T,43.873259146,-120.883963443,1306.1,-0.2,166.972,644.51,,,,,
T,43.874068754,-120.888955453,1306.4,0.1,167.383,411.20,,,,,
T,43.874586755,-120.892175110,1306.0,-0.1,167.649,265.10,,,,,
T,43.875332493,-120.896801250,1302.6,-0.9,168.030,380.94,,,,,
T,43.875912856,-120.900362469,1305.3,0.9,168.323,293.40,,,,,
T,43.875970691,-120.900716940,1305.5,0.8,168.352,29.21,,,,,
T,43.876546193,-120.904293666,1303.8,-0.6,168.647,294.50,,,,,
T,43.876949279,-120.906764567,1310.2,3.1,168.850,203.58,,,,,
T,43.877062937,-120.907462276,1310.9,1.3,168.908,57.48,,,,,
T,43.877120269,-120.907812892,1313.4,8.7,168.937,28.89,,,,,
T,43.877292601,-120.908875046,1315.1,1.9,169.024,87.49,,,,,
T,43.877405925,-120.909589101,1315.6,0.8,169.083,58.75,,,,,
T,43.877462167,-120.909946421,1316.0,1.4,169.112,29.39,,,,,
T,43.877920741,-120.912813451,1314.1,-0.8,169.348,235.99,,,,,
T,43.878148058,-120.914244661,1310.2,-3.2,169.466,117.77,,,,,
T,43.879080713,-120.918812379,1311.6,0.3,169.847,381.45,,,,,
T,43.879843801,-120.921543455,1305.7,-2.5,170.083,235.30,,,,,
T,43.880035998,-120.922229849,1303.6,-3.6,170.142,59.15,,,,,
T,43.880325174,-120.923258979,1300.3,-3.7,170.231,88.73,,,,,
T,43.880610494,-120.924272770,1297.1,-3.6,170.318,87.43,,,,,
T,43.881546585,-120.927629303,1303.0,2.0,170.607,289.11,,,,,
T,43.881640630,-120.927968100,1303.4,1.2,170.636,29.16,,,,,
T,43.882209677,-120.930005489,1304.2,0.5,170.812,175.52,,,,,
T,43.882400365,-120.930686518,1305.5,2.2,170.871,58.69,,,,,
T,43.883165047,-120.933426311,1305.8,0.1,171.107,236.00,,,,,
T,43.883550614,-120.934796249,1304.4,-1.2,171.225,118.13,,,,,
T,43.883648096,-120.935138315,1303.6,-2.6,171.254,29.55,,,,,
T,43.884031484,-120.936507247,1300.3,-2.9,171.372,117.97,,,,,
T,43.884317223,-120.937532438,1298.5,-2.0,171.460,88.29,,,,,
T,43.884890797,-120.939575694,1297.8,-0.4,171.637,176.13,,,,,
T,43.885367392,-120.941279484,1294.4,-2.3,171.783,146.80,,,,,
T,43.886976047,-120.947056794,1294.9,0.1,172.281,497.48,,,,,
T,43.889172273,-120.954918768,1290.6,-0.6,172.958,677.25,,,,,
T,43.889461784,-120.955942031,1288.3,-2.6,173.046,88.29,,,,,
T,43.889932595,-120.957653616,1286.6,-1.1,173.194,147.15,,,,,
T,43.890025634,-120.957996268,1285.5,-3.9,173.223,29.41,,,,,
T,43.890974298,-120.961391274,1281.4,-1.4,173.515,292.46,,,,,
T,43.893732028,-120.971273035,1284.0,0.3,174.367,851.08,,,,,
T,43.894678680,-120.974690756,1279.0,-1.7,174.661,294.06,,,,,
T,43.896329412,-120.979664661,1281.6,0.6,175.100,439.72,,,,,
T,43.897705302,-120.982344775,1285.5,1.5,175.364,264.08,,,,,
T,43.897874281,-120.982628753,1284.6,-3.0,175.394,29.55,,,,,
T,43.898042506,-120.982912732,1283.7,-3.1,175.423,29.49,,,,,
T,43.898210898,-120.983196544,1283.1,-2.2,175.453,29.50,,,,,
T,43.898885725,-120.984331286,1279.3,-3.2,175.571,118.04,,,,,
T,43.899052860,-120.984616019,1278.3,-3.2,175.600,29.46,,,,,
T,43.899218989,-120.984901590,1278.1,-0.7,175.630,29.45,,,,,
T,43.899386292,-120.985185066,1277.7,-1.5,175.659,29.40,,,,,
T,43.901388226,-120.988574121,1276.3,-0.4,176.011,351.59,,,,,
T,43.903396698,-120.991950436,1282.6,1.8,176.362,351.25,,,,,
T,43.903898438,-120.992803713,1283.0,0.4,176.450,88.36,,,,,
T,43.904397748,-120.993658248,1283.5,0.6,176.539,88.26,,,,,
T,43.906078488,-120.996474233,1286.7,1.1,176.832,293.34,,,,,
T,43.906589365,-120.997301024,1289.7,3.4,176.919,87.37,,,,,
T,43.906757925,-120.997577291,1290.9,4.3,176.948,29.04,,,,,
T,43.907258911,-120.998409195,1294.2,3.8,177.035,86.97,,,,,
T,43.907756712,-120.999251409,1297.9,4.2,177.123,87.39,,,,,
T,43.908086624,-120.999818277,1302.1,7.1,177.181,58.46,,,,,
T,43.908580570,-121.000673063,1306.0,4.5,177.269,87.90,,,,,
T,43.909255732,-121.001805542,1307.0,0.8,177.387,117.91,,,,,
T,43.911414826,-121.005026121,1303.2,-1.1,177.740,352.81,,,,,
T,43.912560800,-121.005926421,1302.9,-0.2,177.886,146.43,,,,,
T,43.913060362,-121.006181063,1303.4,0.8,177.946,59.16,,,,,
T,43.913816828,-121.006537043,1303.2,-0.3,178.034,88.78,,,,,
T,43.915324481,-121.007258473,1298.1,-2.9,178.212,177.26,,,,,
T,43.916583024,-121.007862976,1293.4,-3.2,178.360,148.03,,,,,
T,43.917084932,-121.008105632,1291.3,-3.6,178.419,59.07,,,,,
T,43.917837124,-121.008469071,1287.6,-4.1,178.507,88.53,,,,,
T,43.918587472,-121.008828403,1286.2,-1.6,178.595,88.23,,,,,
T,43.919341005,-121.009200728,1283.9,-2.6,178.684,88.91,,,,,
T,43.920095880,-121.009577326,1277.7,-7.0,178.773,89.16,,,,,
T,43.920601476,-121.009824593,1275.0,-4.5,178.833,59.58,,,,,
T,43.921107240,-121.010070434,1270.4,-7.7,178.893,59.56,,,,,
T,43.921612669,-121.010316359,1268.6,-3.1,178.952,59.53,,,,,
T,43.922122121,-121.010562116,1263.3,-8.7,179.012,59.95,,,,,
T,43.922634423,-121.010809466,1261.8,-2.5,179.072,60.29,,,,,
T,43.923150329,-121.011056481,1257.0,-8.0,179.133,60.66,,,,,
T,43.923924482,-121.011429895,1251.3,-6.2,179.224,91.09,,,,,
T,43.924698131,-121.011813953,1244.7,-7.3,179.315,91.33,,,,,
T,43.925207751,-121.012084689,1241.6,-5.1,179.376,60.65,,,,,
T,43.925719047,-121.012362298,1238.0,-6.0,179.437,61.03,,,,,
T,43.926229421,-121.012652144,1232.9,-8.3,179.498,61.30,,,,,
T,43.926737029,-121.012956156,1231.0,-3.0,179.560,61.46,,,,,
T,43.927498525,-121.013433924,1226.4,-5.0,179.653,92.90,,,,,
T,43.928006636,-121.013756208,1221.0,-8.6,179.715,62.11,,,,,
T,43.928769305,-121.014247220,1217.0,-4.3,179.808,93.46,,,,,
T,43.929279596,-121.014569169,1214.0,-4.7,179.871,62.31,,,,,
T,43.929534238,-121.014727838,1212.4,-5.1,179.902,31.03,,,,,
T,43.930045534,-121.015043836,1207.2,-8.4,179.964,62.22,,,,,
T,43.930300176,-121.015203763,1203.7,-11.3,179.995,31.07,,,,,
T,43.931054547,-121.015714053,1193.3,-11.1,180.088,93.30,,,,,
T,43.931533573,-121.016114624,1188.7,-7.4,180.151,62.19,,,,,
T,43.932215693,-121.016793642,1183.8,-5.3,180.244,93.37,,,,,
T,43.932641409,-121.017295215,1182.9,-1.3,180.306,62.13,,,,,
T,43.933053883,-121.017813552,1178.8,-6.7,180.368,61.91,,,,,
T,43.933459483,-121.018340941,1172.9,-9.5,180.430,61.84,,,,,
T,43.933863491,-121.018868666,1170.1,-4.6,180.491,61.73,,,,,
T,43.934267163,-121.019395469,1167.8,-3.7,180.553,61.65,,,,,
T,43.934877953,-121.020181188,1165.2,-2.8,180.646,92.66,,,,,
T,43.935284894,-121.020702124,1158.3,-11.3,180.707,61.60,,,,,
T,43.935905490,-121.021469571,1151.9,-6.9,180.800,92.48,,,,,
T,43.936556596,-121.022185553,1147.3,-4.9,180.892,92.40,,,,,
T,43.936779555,-121.022413457,1145.1,-7.4,180.923,30.80,,,,,
T,43.937232094,-121.022859123,1140.9,-6.7,180.985,61.71,,,,,
T,43.937693350,-121.023286264,1138.4,-4.1,181.046,61.67,,,,,
T,43.938160390,-121.023699995,1135.7,-4.4,181.108,61.61,,,,,
T,43.938861536,-121.024317658,1129.3,-6.8,181.200,92.35,,,,,
T,43.939095139,-121.024524271,1127.8,-5.1,181.231,30.80,,,,,
T,43.939796621,-121.025144951,1124.4,-3.7,181.324,92.51,,,,,
T,43.940498522,-121.025768230,1119.9,-4.9,181.416,92.66,,,,,
T,43.941196902,-121.026381031,1115.5,-4.8,181.508,91.88,,,,,
T,43.941878686,-121.026996681,1114.3,-1.3,181.599,90.45,,,,,
T,43.943388015,-121.028478602,1107.3,-3.4,181.804,205.62,,,,,
T,43.945276122,-121.030990994,1106.3,-0.3,182.095,291.02,,,,,
T,43.946275748,-121.032694029,1106.6,0.2,182.272,176.15,,,,,
T,43.946436346,-121.032984043,1107.4,2.6,182.301,29.33,,,,,
T,43.946756702,-121.033568680,1109.6,3.7,182.360,58.90,,,,,
T,43.947235812,-121.034444254,1110.1,0.7,182.448,88.17,,,,,
T,43.947394732,-121.034736698,1109.4,-2.6,182.477,29.38,,,,,
T,43.948034523,-121.035905220,1109.5,0.1,182.595,117.70,,,,,
T,43.948356053,-121.036487259,1110.5,1.8,182.654,58.82,,,,,
T,43.950445661,-121.040272526,1121.5,2.9,183.036,382.41,,,,,
T,43.951248815,-121.041726703,1124.4,2.0,183.183,146.93,,,,,
T,43.952373248,-121.043768115,1128.3,1.9,183.389,206.06,,,,,
T,43.953010859,-121.044934038,1129.0,0.5,183.507,117.38,,,,,
T,43.954293290,-121.047262615,1135.6,2.8,183.742,235.03,,,,,
T,43.955256119,-121.049009822,1136.9,0.7,183.918,176.39,,,,,
T,43.956058519,-121.050465340,1139.2,1.6,184.065,146.96,,,,,
T,43.956219116,-121.050755605,1139.4,0.7,184.094,29.35,,,,,
T,43.957178844,-121.052491162,1140.1,0.4,184.270,175.43,,,,,
T,43.957499452,-121.053066831,1139.9,-0.3,184.328,58.34,,,,,
T,43.957815534,-121.053644847,1139.8,-0.1,184.386,58.19,,,,,
T,43.958451217,-121.054800712,1140.8,0.8,184.503,116.60,,,,,
T,43.958773920,-121.055377470,1143.4,4.4,184.561,58.55,,,,,
T,43.958934015,-121.055666814,1145.5,7.3,184.591,29.25,,,,,
T,43.959732307,-121.057124175,1154.7,6.3,184.738,146.80,,,,,
T,43.959892821,-121.057414776,1156.1,4.7,184.767,29.36,,,,,
T,43.960373523,-121.058287751,1159.9,4.4,184.855,88.10,,,,,
T,43.960695639,-121.058870377,1160.9,1.7,184.914,58.89,,,,,
T,43.961177180,-121.059742849,1164.0,3.4,185.002,88.13,,,,,
T,43.961819401,-121.060904246,1171.4,6.4,185.119,117.39,,,,,
T,43.962457683,-121.062070504,1173.4,1.7,185.237,117.43,,,,,
T,43.963260502,-121.063518394,1176.7,2.2,185.383,146.49,,,,,
T,43.963420596,-121.063807905,1176.9,0.8,185.413,29.26,,,,,
T,43.963742796,-121.064385586,1178.6,2.9,185.471,58.58,,,,,
T,43.964868570,-121.066435129,1180.4,0.9,185.678,206.64,,,,,
T,43.966326602,-121.069061682,1178.4,-0.8,185.944,265.85,,,,,
T,43.967614733,-121.071400903,1172.0,-2.7,186.180,236.06,,,,,
T,43.968100129,-121.072270358,1169.2,-3.2,186.268,88.19,,,,,
T,43.968588039,-121.073139561,1166.7,-2.8,186.356,88.34,,,,,
T,43.969231099,-121.074310010,1165.3,-1.2,186.474,118.01,,,,,
T,43.969712304,-121.075186422,1165.3,-0.0,186.563,88.35,,,,,
T,43.970193425,-121.076063002,1164.6,-0.7,186.651,88.35,,,,,
T,43.971157679,-121.077813143,1159.8,-2.7,186.828,176.64,,,,,
T,43.971798392,-121.078977305,1155.1,-4.0,186.945,117.45,,,,,
T,43.972441619,-121.080138031,1151.2,-3.3,187.062,117.40,,,,,
T,43.973087948,-121.081299344,1147.2,-3.4,187.180,117.65,,,,,
T,43.974366691,-121.083633453,1147.4,0.1,187.415,235.09,,,,,
T,43.975331197,-121.085378816,1146.5,-0.5,187.592,176.35,,,,,
T,43.976294193,-121.087128623,1145.6,-0.5,187.768,176.53,,,,,
T,43.977416279,-121.089169113,1140.8,-2.4,187.974,205.79,,,,,
T,43.977575954,-121.089460803,1140.6,-0.5,188.003,29.37,,,,,
T,43.979026778,-121.092083082,1136.7,-1.5,188.268,265.06,,,,,
T,43.979992289,-121.093831211,1135.3,-0.8,188.445,176.58,,,,,
T,43.980799299,-121.095283544,1129.2,-4.1,188.592,147.03,,,,,
T,43.981924234,-121.097318837,1127.4,-0.9,188.798,205.64,,,,,
T,43.982401080,-121.098193573,1128.7,1.4,188.885,87.93,,,,,
T,43.983040452,-121.099358071,1128.5,-0.1,189.003,117.37,,,,,
T,43.984166728,-121.101402752,1123.1,-2.7,189.209,206.33,,,,,
T,43.984812554,-121.102568926,1116.3,-5.7,189.327,117.91,,,,,
T,43.985942267,-121.104608579,1110.4,-2.9,189.533,206.23,,,,,
T,43.986777775,-121.106023025,1108.3,-1.4,189.680,146.61,,,,,
T,43.987766672,-121.107235551,1107.6,-0.5,189.827,146.75,,,,,
T,43.988198843,-121.107654730,1107.6,-0.0,189.885,58.62,,,,,
T,43.991394108,-121.110226298,1106.0,-0.4,190.296,410.61,,,,,
T,43.991856203,-121.110589066,1104.9,-2.0,190.355,59.02,,,,,
T,43.993006116,-121.111498168,1103.2,-1.2,190.502,147.12,,,,,
T,43.993693767,-121.112045506,1101.7,-1.7,190.590,88.12,,,,,
T,43.994381418,-121.112595443,1100.1,-1.8,190.678,88.23,,,,,
T,43.995528566,-121.113501107,1097.7,-1.6,190.825,146.71,,,,,
T,44.001700077,-121.118408041,1095.3,-0.3,191.616,790.65,,,,,
T,44.006053051,-121.121885944,1093.7,-0.3,192.174,558.34,,,,,
T,44.008119274,-121.123534497,1091.0,-1.0,192.439,264.93,,,,,
T,44.008578937,-121.123904642,1089.4,-2.8,192.498,59.07,,,,,
T,44.010869963,-121.125734663,1085.9,-1.2,192.792,293.83,,,,,
T,44.013609672,-121.127927201,1088.5,0.8,193.143,351.54,,,,,
T,44.016364049,-121.130125355,1083.9,-1.3,193.497,353.17,,,,,
T,44.016592959,-121.130308751,1084.2,0.9,193.526,29.38,,,,,
T,44.019331662,-121.132494751,1084.0,-0.1,193.877,351.17,,,,,
T,44.022611082,-121.135117114,1083.2,-0.2,194.298,420.69,,,,,
T,44.022800596,-121.135268323,1083.1,-0.2,194.322,24.30,,,,,
T,44.023367632,-121.135714911,1083.2,0.1,194.395,72.47,,,,,
T,44.026833214,-121.138767684,1082.1,-0.2,194.851,456.27,,,,,
T,44.029020304,-121.141686933,1082.1,0.0,195.188,337.38,,,,,
T,44.030260071,-121.143356692,1083.8,0.9,195.380,192.08,,,,,
T,44.031035733,-121.144406442,1086.0,1.8,195.501,120.46,,,,,
T,44.032748323,-121.146706771,1088.3,0.9,195.766,264.98,,,,,
T,44.032904226,-121.146916570,1088.5,0.7,195.790,24.14,,,,,
T,44.035247974,-121.150072440,1085.4,-0.9,196.153,363.06,,,,,
T,44.037414025,-121.152980542,1082.2,-0.9,196.488,335.06,,,,,
T,44.039612682,-121.156282593,1084.9,0.8,196.848,360.19,,,,,
T,44.040093888,-121.157630654,1085.5,0.4,196.969,120.56,,,,,
T,44.041664908,-121.162910415,1089.3,0.8,197.427,457.77,,,,,
T,44.041996747,-121.164022023,1089.2,-0.1,197.523,96.42,,,,,
T,44.042580463,-121.165974252,1092.7,2.1,197.692,169.38,,,,,
T,44.043818386,-121.170143830,1091.4,-0.4,198.054,361.38,,,,,
T,44.044231866,-121.171850050,1093.1,1.1,198.198,144.26,,,,,
T,44.044878194,-121.175046237,1095.3,0.8,198.464,266.04,,,,,
T,44.045760473,-121.178379804,1095.3,-0.0,198.749,284.59,,,,,
T,44.046336226,-121.180311833,1100.2,3.0,198.916,167.54,,,,,
T,44.046434797,-121.180642666,1100.1,-0.3,198.945,28.69,,,,,
T,44.047026811,-121.182630435,1095.7,-2.6,199.117,172.35,,,,,
T,44.047524612,-121.184290722,1092.3,-2.3,199.261,144.10,,,,,
T,44.047622597,-121.184622143,1092.3,-0.2,199.290,28.71,,,,,
T,44.048408652,-121.187258167,1089.1,-1.4,199.519,228.60,,,,,
T,44.048505630,-121.187584978,1089.2,0.3,199.547,28.32,,,,,
T,44.050265327,-121.193503691,1083.6,-1.1,200.060,513.04,,,,,
T,44.050459117,-121.194164939,1083.0,-1.0,200.117,57.20,,,,,
T,44.050945770,-121.195815839,1080.4,-1.8,200.260,142.92,,,,,
T,44.052009014,-121.199414860,1082.3,0.6,200.572,311.67,,,,,
T,44.052298022,-121.200386407,1086.8,5.4,200.656,84.22,,,,,
T,44.052686272,-121.201683590,1086.9,0.0,200.769,112.55,,,,,
T,44.052879643,-121.202337211,1089.9,5.3,200.825,56.61,,,,,
T,44.053171920,-121.203321917,1093.6,4.4,200.910,85.33,,,,,
T,44.053794863,-121.205288479,1096.9,1.9,201.083,172.12,,,,,
T,44.055380132,-121.209385051,1092.6,-1.2,201.455,372.54,,,,,
T,44.055639887,-121.210000785,1091.2,-2.5,201.512,57.16,,,,,
T,44.056025371,-121.210925644,1089.4,-2.1,201.598,85.60,,,,,
T,44.056939501,-121.213439461,1089.5,0.0,201.823,225.59,,,,,
T,44.057367984,-121.215488501,1088.4,-0.6,201.994,170.95,,,,,
T,44.057932841,-121.218676809,1086.8,-0.6,202.258,263.07,,,,,
T,44.058067454,-121.220765915,1089.8,1.8,202.426,168.06,,,,,
T,44.058055216,-121.221665544,1091.6,2.4,202.498,72.10,,,,,
T,44.057965362,-121.222954178,1093.7,2.0,202.601,103.74,,,,,
T,44.057891769,-121.223607883,1094.1,0.8,202.654,53.01,,,,,
T,44.057280896,-121.228631325,1097.6,0.9,203.063,408.20,,,,,
T,44.057257092,-121.228934079,1097.5,-0.3,203.087,24.40,,,,,
T,44.057230605,-121.229062658,1097.5,-0.3,203.098,10.72,,,,,
T,44.057258097,-121.228977917,1097.5,0.2,203.105,7.45,,,,,
T,44.057270670,-121.228958303,1097.5,-0.1,203.107,2.10,,,,,
T,44.057279723,-121.228939528,1097.5,0.0,203.109,1.81,,,,,
T,44.057270754,-121.228950676,1097.5,0.2,203.110,1.34,,,,,
T,44.057196239,-121.229209928,1097.4,-0.4,203.133,22.36,,,,,
T,44.057065062,-121.230241321,1097.5,0.2,203.217,83.92,,,,,
T,44.057000857,-121.230766112,1097.8,0.6,203.259,42.65,,,,,
T,44.056569105,-121.234166985,1098.3,0.2,203.536,276.70,,,,,
T,44.056038447,-121.238382328,1099.1,0.2,203.879,342.88,,,,,
T,44.055379964,-121.243758397,1101.8,0.6,204.316,436.96,,,,,
T,44.054928264,-121.248016069,1106.2,1.3,204.661,344.85,,,,,
T,44.054923570,-121.250845045,1109.4,1.4,204.887,226.69,,,,,
T,44.054919714,-121.251939135,1110.6,1.4,204.975,87.67,,,,,
T,44.054913260,-121.255245879,1111.5,0.3,205.240,264.98,,,,,
T,44.054930611,-121.258926038,1107.8,-1.2,205.535,294.91,,,,,
T,44.054941088,-121.260753293,1106.9,-0.6,205.681,146.43,,,,,
T,44.054914350,-121.262751203,1106.4,-0.3,205.842,160.12,,,,,
T,44.054958522,-121.263689557,1105.9,-0.7,205.917,75.35,,,,,
T,44.054591982,-121.263705650,1106.3,1.1,205.958,40.75,,,,,
T,44.053279627,-121.263658544,1109.5,2.2,206.104,145.87,,,,,
T,44.052252425,-121.263652760,1112.5,2.7,206.218,114.14,,,,,
T,44.051978420,-121.263648234,1113.3,2.4,206.248,30.45,,,,,
T,44.051118102,-121.263640691,1115.1,1.9,206.344,95.59,,,,,
T,44.050966389,-121.263638847,1115.4,1.9,206.361,16.86,,,,,
T,44.049344407,-121.263592830,1118.0,1.4,206.541,180.26,,,,,
T,44.047791744,-121.263627447,1118.8,0.5,206.713,172.54,,,,,
T,44.046583073,-121.263594339,1120.0,0.9,206.848,134.33,,,,,
T,44.044125415,-121.263609761,1123.8,1.4,207.121,273.08,,,,,
T,44.039690718,-121.263664579,1126.6,0.6,207.614,492.77,,,,,
T,44.038152052,-121.263694838,1127.0,0.2,207.785,170.98,,,,,
T,44.036267716,-121.263711518,1128.0,0.5,207.994,209.38,,,,,
T,44.033660442,-121.263754685,1128.7,0.2,208.284,289.72,,,,,
T,44.030303489,-121.263803132,1130.6,0.5,208.657,373.02,,,,,
T,44.027468646,-121.263872450,1130.1,-0.2,208.972,315.04,,,,,
T,44.026263328,-121.263906313,1134.3,3.2,209.106,133.95,,,,,
T,44.025562853,-121.263925508,1137.1,3.6,209.184,77.85,,,,,
T,44.022705462,-121.263812771,1134.7,-0.8,209.501,317.62,,,,,
T,44.022356104,-121.263664998,1133.4,-3.1,209.542,40.59,,,,,
T,44.020751640,-121.262620026,1132.4,-0.5,209.739,196.98,,,,,
T,44.020124841,-121.262194142,1132.9,0.6,209.816,77.57,,,,,
T,44.018688602,-121.261213375,1130.2,-1.5,209.994,177.91,,,,,
T,44.018527083,-121.261105668,1129.4,-4.3,210.014,19.92,,,,,
T,44.016445689,-121.259717792,1126.1,-1.3,210.271,256.65,,,,,
T,44.016284924,-121.259612683,1126.1,0.2,210.290,19.75,,,,,
T,44.015485290,-121.259119660,1126.3,0.2,210.388,97.25,,,,,
T,44.014798058,-121.258961242,1126.8,0.6,210.465,77.41,,,,,
T,44.010384148,-121.259099124,1126.9,0.0,210.956,490.57,,,,,
T,44.009250160,-121.259739501,1128.1,0.9,211.092,136.06,,,,,
T,44.008970959,-121.260036640,1129.2,2.7,211.131,39.12,,,,,
T,44.008245338,-121.261407416,1132.5,2.4,211.267,136.33,,,,,
T,44.008028666,-121.262332443,1134.8,3.0,211.345,77.99,,,,,
T,44.007967478,-121.263316730,1138.9,5.2,211.424,79.23,,,,,
T,44.007968651,-121.264063055,1140.3,2.4,211.484,59.85,,,,,
T,44.007973764,-121.264561778,1140.9,1.5,211.524,40.00,,,,,
T,44.007986086,-121.267277012,1145.2,2.0,211.742,217.75,,,,,
T,44.007988013,-121.267762743,1146.5,3.3,211.781,38.95,,,,,
T,44.008005867,-121.269482961,1149.3,2.0,211.919,137.97,,,,,
T,44.008011315,-121.270982400,1145.1,-3.5,212.039,120.25,,,,,
T,44.008010644,-121.271494282,1142.4,-6.6,212.080,41.05,,,,,
T,44.008004107,-121.273944564,1142.0,-0.2,212.277,196.50,,,,,
T,44.008011734,-121.275881957,1146.2,2.6,212.432,155.37,,,,,
T,44.008011650,-121.276125033,1146.1,-0.2,212.452,19.49,,,,,
T,44.007990695,-121.277616592,1143.3,-2.3,212.571,119.64,,,,,
T,44.007989354,-121.277863104,1143.3,-0.2,212.591,19.77,,,,,
T,44.008013913,-121.282970449,1144.5,0.3,213.001,409.59,,,,,
T,44.008022798,-121.286769463,1146.9,0.8,213.305,304.67,,,,,
T,44.008034952,-121.290248120,1148.1,0.4,213.584,278.98,,,,,
T,44.007682828,-121.291876640,1150.6,1.9,213.721,136.33,,,,,
T,44.007509574,-121.292234799,1151.8,3.4,213.755,34.58,,,,,
T,44.007203467,-121.292721871,1153.2,2.7,213.807,51.79,,,,,
T,44.005738730,-121.294700671,1156.4,1.4,214.034,227.31,,,,,
T,44.005073290,-121.295613963,1159.9,3.4,214.138,104.08,,,,,
T,44.004290421,-121.296698581,1162.0,1.7,214.261,123.02,,,,,
T,44.003453907,-121.297971709,1166.7,3.4,214.399,138.08,,,,,
T,44.003079738,-121.298665479,1169.9,4.6,214.469,69.46,,,,,
T,44.002896510,-121.299013747,1171.6,5.0,214.503,34.56,,,,,
T,44.002523515,-121.299739284,1173.4,2.5,214.575,71.44,,,,,
T,44.001402101,-121.301922351,1178.2,2.2,214.790,214.90,,,,,
T,44.001016868,-121.302617798,1183.0,6.8,214.860,70.31,,,,,
T,44.000730626,-121.303138901,1186.2,6.1,214.913,52.52,,,,,
T,44.000449581,-121.303678444,1188.6,4.5,214.966,53.36,,,,,
T,43.999925461,-121.305152988,1189.3,0.6,215.098,131.83,,,,,
T,43.999820771,-121.305752965,1189.9,1.2,215.147,49.51,,,,,
T,43.999729659,-121.306736078,1191.8,2.4,215.227,79.50,,,,,
T,43.999733767,-121.307620788,1188.8,-4.2,215.298,70.96,,,,,
T,43.999800151,-121.308542462,1187.0,-2.4,215.372,74.29,,,,,
T,43.999742735,-121.311072288,1189.7,1.3,215.575,203.01,,,,,
T,43.999681463,-121.311499598,1190.7,2.7,215.610,34.94,,,,,
T,43.998987777,-121.313022673,1192.7,1.4,215.755,144.44,,,,,
T,43.998121591,-121.314798212,1192.1,-0.3,215.926,171.88,,,,,
T,43.997454727,-121.317123352,1193.8,0.9,216.127,200.68,,,,,
T,43.996440936,-121.319526779,1192.4,-0.6,216.350,223.28,,,,,
T,43.994020578,-121.323615555,1192.2,-0.1,216.774,424.13,,,,,
T,43.993114913,-121.324722134,1192.8,0.4,216.909,134.18,,,,,
T,43.991330154,-121.326939147,1191.6,-0.4,217.175,266.37,,,,,
T,43.990918854,-121.328494325,1191.6,-0.0,217.308,132.86,,,,,
T,43.990866216,-121.330143465,1193.3,1.3,217.440,132.42,,,,,
T,43.990877112,-121.330924910,1195.2,2.9,217.503,62.70,,,,,
T,43.991132844,-121.332459217,1196.7,1.2,217.629,126.32,,,,,
T,43.991304841,-121.332977302,1198.8,4.6,217.675,45.74,,,,,
T,43.991493937,-121.333468230,1200.8,4.5,217.720,44.64,,,,,
T,43.992489707,-121.335908957,1197.7,-1.4,217.945,224.89,,,,,
T,43.992550392,-121.336014736,1197.1,-5.4,217.955,10.84,,,,,
T,43.992828084,-121.336168712,1196.6,-1.6,217.989,33.24,,,,,
T,43.993010390,-121.336076427,1196.1,-2.2,218.010,21.57,,,,,
T,43.993667280,-121.335642748,1195.3,-1.1,218.091,80.85,,,,,
T,43.993847994,-121.335456753,1194.5,-3.2,218.116,25.02,,,,,
T,43.993988140,-121.334786536,1193.7,-1.3,218.172,55.97,,,,,
T,43.993667448,-121.334415218,1192.3,-3.1,218.219,46.44,,,,,
T,43.993291352,-121.334481435,1193.1,2.0,218.261,42.13,,,,,
T,43.992249398,-121.335131787,1193.7,0.4,218.388,126.98,,,,,
T,43.991896268,-121.335370923,1194.7,2.4,218.431,43.68,,,,,
T,43.991287658,-121.335772080,1195.1,0.5,218.506,74.89,,,,,
T,43.990613585,-121.336235600,1195.9,0.9,218.590,83.62,,,,,
T,43.988294899,-121.337856827,1198.1,0.8,218.878,288.60,,,,,
T,43.988066912,-121.338019017,1198.2,0.5,218.907,28.48,,,,,
T,43.987152027,-121.338670794,1198.6,0.3,219.021,114.31,,,,,
T,43.982572071,-121.341917524,1200.0,0.3,219.593,571.68,,,,,
T,43.980495790,-121.343381088,1204.7,1.8,219.852,258.86,,,,,
T,43.979564561,-121.344016688,1209.7,4.3,219.967,115.35,,,,,
T,43.978841705,-121.344442405,1211.8,2.4,220.054,87.28,,,,,
T,43.978596870,-121.344574168,1212.4,1.8,220.084,29.19,,,,,
T,43.977608057,-121.345068114,1214.0,1.4,220.200,116.80,,,,,
T,43.974803556,-121.345964894,1214.9,0.3,220.520,319.81,,,,,
T,43.972242633,-121.346331853,1212.5,-0.8,220.806,286.07,,,,,
T,43.971577110,-121.346394299,1211.7,-1.1,220.880,74.12,,,,,
T,43.970568012,-121.346529918,1210.8,-0.8,220.993,112.65,,,,,
T,43.970476817,-121.346537629,1210.7,-1.3,221.003,10.15,,,,,
T,43.970356286,-121.346496893,1210.7,-0.1,221.017,13.79,,,,,
T,43.970291158,-121.346014431,1209.7,-2.4,221.056,39.39,,,,,
T,43.969931575,-121.345446389,1208.8,-1.5,221.117,60.61,,,,,
T,43.969560759,-121.345477067,1209.1,0.7,221.158,41.28,,,,,
T,43.969032532,-121.345738498,1211.2,3.4,221.221,62.33,,,,,
T,43.968588626,-121.345857186,1213.6,4.8,221.271,50.23,,,,,
T,43.968053525,-121.345798094,1217.6,6.8,221.330,59.64,,,,,
T,43.967685979,-121.345693571,1220.9,7.8,221.372,41.69,,,,,
T,43.967487412,-121.345662307,1222.0,4.9,221.394,22.21,,,,,
T,43.967288258,-121.345649147,1223.0,4.5,221.416,22.15,,,,,
T,43.966806633,-121.345540099,1226.1,5.7,221.471,54.22,,,,,
T,43.966517877,-121.345434403,1227.5,4.3,221.504,33.19,,,,,
T,43.966237083,-121.345285624,1228.1,1.9,221.537,33.41,,,,,
T,43.966002474,-121.345052440,1229.1,3.1,221.569,32.09,,,,,
